category,title,price,link
IMPORTED FLOWERS,A Love Affair,No Price,
IMPORTED FLOWERS,Adore,No Price,
IMPORTED FLOWERS,Affection,No Price,
IMPORTED FLOWERS,Amity,No Price,
IMPORTED FLOWERS,Ardour,No Price,
IMPORTED FLOWERS,Awestruck,No Price,
IMPORTED FLOWERS,Baba Birthday,No Price,
IMPORTED FLOWERS,Ballistic Bunch,No Price,
IMPORTED FLOWERS,Beloved,No Price,
IMPORTED FLOWERS,Blissful Blossom,No Price,
IMPORTED FLOWERS,Blooming Bliss,No Price,
IMPORTED FLOWERS,Bloomy Romance,No Price,
IMPORTED FLOWERS,Blushing Beauty,No Price,
IMPORTED FLOWERS,Bunch Of Flowers,No Price,
IMPORTED FLOWERS,Bunch Of Truth,No Price,
IMPORTED FLOWERS,Carnival,No Price,
IMPORTED FLOWERS,Casablanca,No Price,
IMPORTED FLOWERS,Charming,No Price,
IMPORTED FLOWERS,Charming Chrysanthemums,No Price,
IMPORTED FLOWERS,Cheerful Mix,No Price,
IMPORTED FLOWERS,Chrysanthemum Delight,No Price,
IMPORTED FLOWERS,Color Splash Arrangement,No Price,
IMPORTED FLOWERS,Crimson Charm,No Price,
IMPORTED FLOWERS,Cute One,No Price,
