title,price
Olnaaj Amanat Chakki Atta 5kg,Rs.950
Sufi Canola Cooking Oil 1 Litre x 5 Poly Packs,"Rs.3,850"
Dalda Fortfied Cooking Oil 5 X 1 Litre Poly Bags,"Rs.3,850"
Dalda Fortified Banaspati VTF 5kg,"Rs.4,450"
Dalda VTF Fortified Banaspati Ghee Pouch 1Kg,Rs.650
Certified Choice Grade Angus Burger Patties 170gms,"Rs.1,895"
Kilite Phenyle 3000ml,Rs.190
National Kofta Recipe Mix 50gm,Rs.190
Iqra Foods Zarda Rang Yellow 10g,Rs.99
Apple,From Rs.330
Onion,From Rs.180
Nestle Milk Pak Dairy Cream 200ml,Rs.240
Banana,From Rs.120
Nestle Pure Life 500ml x 12,Rs.550
Refined Sugar,Rs.240
Lays French Cheese Potato Chips 40g,Rs.40
Fresher Orange Juice 500ml,Rs.110
Shangrila Soy Sauce 800ml,Rs.240
Borges Pomace Olive Oil 4 Litre Tin,"Rs.11,500"
Olpers Dairy Cream 200ml,Rs.230
Max All Purpose Cleaner Lemon Fresh 1 Litre,Rs.570
7up 1.5 Litre,Rs.200
Bisconni Cocomo Strawberry 12 Packs,Rs.250
Hankies Gloria 100x2Ply Tissue Box,Rs.165
